score,threshold,coverage,n_accepted,accuracy,balanced_accuracy,precision,recall,f1,accepted_error
CDT,0.0,1.0,23956,0.956002671564535,0.7599065817140831,0.6491379310344828,0.5378571428571428,0.58828125,0.043997328435465
CDT,0.01,1.0,23956,0.956002671564535,0.7599065817140831,0.6491379310344828,0.5378571428571428,0.58828125,0.043997328435465
CDT,0.02,1.0,23956,0.956002671564535,0.7599065817140831,0.6491379310344828,0.5378571428571428,0.58828125,0.043997328435465
CDT,0.03,1.0,23956,0.956002671564535,0.7599065817140831,0.6491379310344828,0.5378571428571428,0.58828125,0.043997328435465
CDT,0.04,1.0,23956,0.956002671564535,0.7599065817140831,0.6491379310344828,0.5378571428571428,0.58828125,0.043997328435465
CDT,0.05,1.0,23956,0.956002671564535,0.7599065817140831,0.6491379310344828,0.5378571428571428,0.58828125,0.043997328435465
CDT,0.06,1.0,23956,0.956002671564535,0.7599065817140831,0.6491379310344828,0.5378571428571428,0.58828125,0.043997328435465
CDT,0.07,1.0,23956,0.956002671564535,0.7599065817140831,0.6491379310344828,0.5378571428571428,0.58828125,0.043997328435465
CDT,0.08,1.0,23956,0.956002671564535,0.7599065817140831,0.6491379310344828,0.5378571428571428,0.58828125,0.043997328435465
CDT,0.09,1.0,23956,0.956002671564535,0.7599065817140831,0.6491379310344828,0.5378571428571428,0.58828125,0.043997328435465
CDT,0.1,1.0,23956,0.956002671564535,0.7599065817140831,0.6491379310344828,0.5378571428571428,0.58828125,0.043997328435465
CDT,0.11,1.0,23956,0.956002671564535,0.7599065817140831,0.6491379310344828,0.5378571428571428,0.58828125,0.043997328435465
CDT,0.12,1.0,23956,0.956002671564535,0.7599065817140831,0.6491379310344828,0.5378571428571428,0.58828125,0.043997328435465
CDT,0.13,1.0,23956,0.956002671564535,0.7599065817140831,0.6491379310344828,0.5378571428571428,0.58828125,0.043997328435465
CDT,0.14,1.0,23956,0.956002671564535,0.7599065817140831,0.6491379310344828,0.5378571428571428,0.58828125,0.043997328435465
CDT,0.15,1.0,23956,0.956002671564535,0.7599065817140831,0.6491379310344828,0.5378571428571428,0.58828125,0.043997328435465
CDT,0.16,1.0,23956,0.956002671564535,0.7599065817140831,0.6491379310344828,0.5378571428571428,0.58828125,0.043997328435465
CDT,0.17,1.0,23956,0.956002671564535,0.7599065817140831,0.6491379310344828,0.5378571428571428,0.58828125,0.043997328435465
CDT,0.18,1.0,23956,0.956002671564535,0.7599065817140831,0.6491379310344828,0.5378571428571428,0.58828125,0.043997328435465
CDT,0.19,1.0,23956,0.956002671564535,0.7599065817140831,0.6491379310344828,0.5378571428571428,0.58828125,0.043997328435465
CDT,0.2,1.0,23956,0.956002671564535,0.7599065817140831,0.6491379310344828,0.5378571428571428,0.58828125,0.043997328435465
CDT,0.21,1.0,23956,0.956002671564535,0.7599065817140831,0.6491379310344828,0.5378571428571428,0.58828125,0.043997328435465
CDT,0.22,1.0,23956,0.956002671564535,0.7599065817140831,0.6491379310344828,0.5378571428571428,0.58828125,0.043997328435465
CDT,0.23,1.0,23956,0.956002671564535,0.7599065817140831,0.6491379310344828,0.5378571428571428,0.58828125,0.043997328435465
CDT,0.24,1.0,23956,0.956002671564535,0.7599065817140831,0.6491379310344828,0.5378571428571428,0.58828125,0.043997328435465
CDT,0.25,1.0,23956,0.956002671564535,0.7599065817140831,0.6491379310344828,0.5378571428571428,0.58828125,0.043997328435465
CDT,0.26,1.0,23956,0.956002671564535,0.7599065817140831,0.6491379310344828,0.5378571428571428,0.58828125,0.043997328435465
CDT,0.27,1.0,23956,0.956002671564535,0.7599065817140831,0.6491379310344828,0.5378571428571428,0.58828125,0.043997328435465
CDT,0.28,1.0,23956,0.956002671564535,0.7599065817140831,0.6491379310344828,0.5378571428571428,0.58828125,0.043997328435465
CDT,0.29,0.999958256804141,23955,0.9560425798371948,0.7599283497482345,0.6496980155306299,0.5378571428571428,0.5885111371629543,0.04395742016280524
CDT,0.3,0.999958256804141,23955,0.9560425798371948,0.7599283497482345,0.6496980155306299,0.5378571428571428,0.5885111371629543,0.04395742016280524
CDT,0.31,0.9996660544331274,23948,0.9560714882244864,0.7589555511535586,0.6484375,0.5358680057388809,0.5868028279654359,0.0439285117755136
CDT,0.32,0.9994990816496911,23944,0.9561894420314067,0.7588542782327992,0.6498257839721254,0.5355348169418521,0.5871704053522235,0.043810557968593344
CDT,0.33,0.9992903656703958,23939,0.956305610092318,0.7585857096999682,0.6509186351706037,0.5348670021567218,0.5872138910812944,0.04369438990768204
CDT,0.34,0.9987477041242278,23926,0.9565326423138009,0.7575401639482985,0.6522123893805309,0.5325144508670521,0.5863166268894192,0.04346735768619914
CDT,0.35000000000000003,0.9981632993822007,23912,0.9567581130812981,0.7564823475594085,0.6535362578334826,0.5301379811183733,0.5854049719326383,0.0432418869187019
CDT,0.36,0.9974119218567373,23894,0.9570603498786306,0.7551108907030368,0.6554545454545454,0.527046783625731,0.5842787682333873,0.042939650121369355
CDT,0.37,0.9965353147436968,23873,0.957357684413354,0.7530167583850099,0.6561631139944393,0.522509225092251,0.581758422350041,0.042642315586645996
CDT,0.38,0.995575221238938,23850,0.9576939203354298,0.7507208898692574,0.6571969696969697,0.517524235645041,0.5790571547768043,0.04230607966457023
CDT,0.39,0.9941976957755886,23817,0.9581391443086871,0.7473306045896089,0.658203125,0.5102195306585919,0.5748400852878465,0.041860855691312926
CDT,0.4,0.9929036567039573,23786,0.9587152106281006,0.7450352114749419,0.6633165829145728,0.504973221117062,0.573414422241529,0.04128478937189939
CDT,0.41000000000000003,0.9915678744364669,23754,0.9590805759030058,0.7416022514076481,0.6635610766045549,0.49767080745341613,0.5687666370896185,0.04091942409699423
CDT,0.42,0.9898564034062448,23713,0.9598110740943786,0.7388297422586914,0.6702470461868958,0.49133858267716535,0.567014993184916,0.0401889259056214
CDT,0.43,0.9878527300050092,23665,0.9604056623705894,0.7330278347178768,0.6711864406779661,0.4790322580645161,0.5590588235294117,0.03959433762941056
CDT,0.44,0.9858490566037735,23617,0.9612990642333912,0.7293423794098337,0.6785290628706999,0.4707818930041152,0.5558794946550049,0.038700935766608824
CDT,0.45,0.9838036400066789,23568,0.9620672097759674,0.7254707824538755,0.6853233830845771,0.462248322147651,0.5521042084168337,0.03793279022403262
CDT,0.46,0.9818417098013024,23521,0.9627141703158879,0.7200212979664992,0.6889763779527559,0.45064377682403434,0.5448884276076803,0.03728582968411209
CDT,0.47000000000000003,0.979420604441476,23463,0.9634317862165963,0.7123535789135408,0.6915492957746479,0.4345132743362832,0.533695652173913,0.03656821378340369
CDT,0.48,0.977124728669227,23408,0.9644993164730007,0.7083566505996531,0.7031484257871065,0.42558983666061706,0.5302430751837196,0.03550068352699931
CDT,0.49,0.9746618801135415,23349,0.9654374919696775,0.7020799730520296,0.7124394184168013,0.4121495327102804,0.522202486678508,0.03456250803032246
CDT,0.5,0.9724494907330106,23296,0.9664320054945055,0.6977147399402754,0.7283737024221453,0.4024856596558317,0.5184729064039408,0.033567994505494525
CDT,0.51,0.9703205877441977,23245,0.9671327167132717,0.6920330904856686,0.7388888888888889,0.3904109589041096,0.5108834827144686,0.03286728328672828
CDT,0.52,0.967690766405076,23182,0.9682080924855492,0.6867417218136236,0.7636363636363637,0.3787575150300601,0.506363027461487,0.03179190751445082
CDT,0.53,0.9656036066121222,23132,0.9688742867024036,0.6807751674240821,0.7777777777777778,0.36615384615384616,0.497907949790795,0.03112571329759639
CDT,0.54,0.9630572716647187,23071,0.9694855012786615,0.6731166048813013,0.7904761904761904,0.350210970464135,0.4853801169590643,0.03051449872133849
CDT,0.55,0.9605944231090332,23012,0.9701894663653746,0.665514035593216,0.8036649214659686,0.3344226579520697,0.4723076923076923,0.02981053363462538
CDT,0.56,0.9582150609450659,22955,0.970681768677848,0.6588619407709801,0.8153409090909091,0.3206703910614525,0.4603047313552526,0.029318231322152055
CDT,0.5700000000000001,0.956044414760394,22903,0.9711828144784526,0.6553119384422857,0.8283132530120482,0.3132118451025057,0.45454545454545453,0.02881718552154744
CDT,0.58,0.9540824845550175,22856,0.9716048302415121,0.6517249436472593,0.834920634920635,0.3058139534883721,0.44765957446808513,0.02839516975848788
CDT,0.59,0.9513691768241777,22791,0.9723575095432407,0.647944169184685,0.8527397260273972,0.29784688995215314,0.44148936170212766,0.02764249045675926
CDT,0.6,0.9480714643513107,22712,0.973141951391335,0.6408763724728873,0.8631178707224335,0.2833957553058677,0.4266917293233083,0.02685804860866503
CDT,0.61,0.9451494406411755,22642,0.9739422312516562,0.6370917126005167,0.8879668049792531,0.2754182754182754,0.4204322200392927,0.026057768748343757
CDT,0.62,0.9421439305393221,22570,0.9746566238369517,0.6339786859093551,0.9103139013452914,0.26887417218543047,0.41513292433537835,0.02534337616304827
CDT,0.63,0.9393888796126232,22504,0.9752932811944544,0.6342738447066665,0.9255813953488372,0.2692828146143437,0.4171907756813417,0.024706718805545647
CDT,0.64,0.9373017198196694,22454,0.9760399038033313,0.6367970079227537,0.9339622641509434,0.2742382271468144,0.42398286937901497,0.023960096196668723
CDT,0.65,0.9346718984805477,22391,0.9764637577598142,0.6348123760056626,0.9313725490196079,0.2702702702702703,0.4189636163175303,0.0235362422401858
CDT,0.66,0.9324177659041576,22337,0.9769888525764426,0.6340063661285821,0.934010152284264,0.2686131386861314,0.41723356009070295,0.023011147423557365
CDT,0.67,0.9309984972449491,22303,0.9773124691745505,0.6318163066319493,0.9468085106382979,0.26409495548961426,0.41299303944315546,0.022687530825449498
CDT,0.68,0.9296209717815996,22270,0.97759317467445,0.6311962304833996,0.9562841530054644,0.2627627627627628,0.4122497055359246,0.02240682532555005
CDT,0.6900000000000001,0.9281182167306729,22234,0.9780516326347036,0.6309727971446326,0.9606741573033708,0.26226993865030673,0.41204819277108434,0.021948367365296373
CDT,0.7000000000000001,0.9269076640507597,22205,0.9782481423102904,0.6300934115718169,0.9655172413793104,0.26046511627906976,0.41025641025641024,0.021751857689709553
CDT,0.71,0.9256553681749875,22175,0.9784441939120632,0.6287915353778329,0.9647058823529412,0.2578616352201258,0.40694789081885857,0.021555806087936835
CDT,0.72,0.9248205042578059,22155,0.9785601444369217,0.625260014094964,0.9631901840490797,0.2507987220447284,0.3979721166032953,0.02143985556307826
CDT,0.73,0.9238604107530473,22132,0.9787637809506596,0.624277975364034,0.9685534591194969,0.24878836833602586,0.39588688946015427,0.021236219049340366
CDT,0.74,0.9224411420938387,22098,0.979002624671916,0.6228577444673657,0.974025974025974,0.2459016393442623,0.39267015706806285,0.02099737532808399
CDT,0.75,0.9213140758056437,22071,0.9789769380635223,0.6191121317580627,0.972972972972973,0.23841059602649006,0.3829787234042553,0.021023061936477738
CDT,0.76,0.9193104024044081,22023,0.9789765245425237,0.6148395457277606,0.9716312056737588,0.22986577181208054,0.37177747625508817,0.021023475457476293
CDT,0.77,0.91651360828185,21956,0.9790034614683913,0.6126182577419852,0.9708029197080292,0.22542372881355932,0.3658872077028886,0.020996538531608655
CDT,0.78,0.9127984638503924,21867,0.9794210454108931,0.6114043302578869,0.9696969696969697,0.2229965156794425,0.3626062322946176,0.020578954589106857
CDT,0.79,0.9064117548839539,21714,0.9797365754812564,0.6085230628941583,0.968,0.21723518850987433,0.3548387096774194,0.020263424518743633
CDT,0.8,0.8937218233427952,21410,0.9805231200373657,0.6078827132545646,0.9743589743589743,0.2159090909090909,0.35348837209302325,0.019476879962634253
CDT,0.81,0.8752295875772249,20967,0.9815424238088425,0.6056762444654774,0.9716981132075472,0.21149897330595482,0.3473861720067454,0.01845757619115751
CDT,0.8200000000000001,0.8248038069794623,19759,0.9817804544764411,0.6067504937548991,0.97,0.21365638766519823,0.35018050541516244,0.018219545523558867
CDT,0.8300000000000001,0.7578477208215061,18155,0.982263839162765,0.6058549888469399,0.9772727272727273,0.21182266009852216,0.3481781376518219,0.01773616083723495
CDT,0.84,0.689848054767073,16526,0.9828149582476098,0.6098901098901099,1.0,0.21978021978021978,0.36036036036036034,0.017185041752390218
CDT,0.85,0.608574052429454,14579,0.9828520474655326,0.6141975308641975,1.0,0.22839506172839505,0.37185929648241206,0.017147952534467437
CDT,0.86,0.5092252462848555,12199,0.9827854742191983,0.6153846153846154,1.0,0.23076923076923078,0.375,0.017214525780801737
CDT,0.87,0.40883286024378024,9794,0.9816214008576679,0.6153846153846154,1.0,0.23076923076923078,0.375,0.018378599142332086
CDT,0.88,0.30393220904992485,7281,0.9799478093668452,0.6157894736842106,1.0,0.23157894736842105,0.37606837606837606,0.020052190633154776
CDT,0.89,0.21067790950075138,5047,0.9764216366158114,0.6161290322580645,1.0,0.23225806451612904,0.3769633507853403,0.023578363384188616
CDT,0.9,0.1425947570546001,3416,0.974824355971897,0.6260869565217391,1.0,0.25217391304347825,0.4027777777777778,0.025175644028103017
CDT,0.91,0.09429787944565036,2259,0.9690128375387339,0.6236559139784946,1.0,0.24731182795698925,0.39655172413793105,0.030987162461266093
CDT,0.92,0.059317081315745535,1421,0.9641097818437719,0.6304347826086957,1.0,0.2608695652173913,0.41379310344827586,0.03589021815622806
CDT,0.93,0.040031724828852894,959,0.9655891553701773,0.65625,1.0,0.3125,0.47619047619047616,0.03441084462982269
CDT,0.9400000000000001,0.028844548338620806,691,0.9667149059334298,0.6714285714285715,1.0,0.34285714285714286,0.5106382978723404,0.03328509406657021
CDT,0.9500000000000001,0.02082985473367841,499,0.969939879759519,0.6428571428571428,1.0,0.2857142857142857,0.4444444444444444,0.030060120240480992
CDT,0.96,0.01369176824177659,328,0.9786585365853658,0.6818181818181819,1.0,0.36363636363636365,0.5333333333333333,0.021341463414634165
CDT,0.97,0.008432125563533144,202,0.9752475247524752,0.6875,1.0,0.375,0.5454545454545454,0.024752475247524774
CDT,0.98,0.004299549173484722,103,0.970873786407767,0.7,1.0,0.4,0.5714285714285714,0.029126213592232997
CDT,0.99,0.001252295875772249,30,1.0,1.0,1.0,1.0,1.0,0.0
CAS,0.0,1.0,23956,0.956002671564535,0.7599065817140831,0.6491379310344828,0.5378571428571428,0.58828125,0.043997328435465
CAS,0.01,1.0,23956,0.956002671564535,0.7599065817140831,0.6491379310344828,0.5378571428571428,0.58828125,0.043997328435465
CAS,0.02,1.0,23956,0.956002671564535,0.7599065817140831,0.6491379310344828,0.5378571428571428,0.58828125,0.043997328435465
CAS,0.03,1.0,23956,0.956002671564535,0.7599065817140831,0.6491379310344828,0.5378571428571428,0.58828125,0.043997328435465
CAS,0.04,1.0,23956,0.956002671564535,0.7599065817140831,0.6491379310344828,0.5378571428571428,0.58828125,0.043997328435465
CAS,0.05,1.0,23956,0.956002671564535,0.7599065817140831,0.6491379310344828,0.5378571428571428,0.58828125,0.043997328435465
CAS,0.06,1.0,23956,0.956002671564535,0.7599065817140831,0.6491379310344828,0.5378571428571428,0.58828125,0.043997328435465
CAS,0.07,1.0,23956,0.956002671564535,0.7599065817140831,0.6491379310344828,0.5378571428571428,0.58828125,0.043997328435465
CAS,0.08,1.0,23956,0.956002671564535,0.7599065817140831,0.6491379310344828,0.5378571428571428,0.58828125,0.043997328435465
CAS,0.09,1.0,23956,0.956002671564535,0.7599065817140831,0.6491379310344828,0.5378571428571428,0.58828125,0.043997328435465
CAS,0.1,1.0,23956,0.956002671564535,0.7599065817140831,0.6491379310344828,0.5378571428571428,0.58828125,0.043997328435465
CAS,0.11,1.0,23956,0.956002671564535,0.7599065817140831,0.6491379310344828,0.5378571428571428,0.58828125,0.043997328435465
CAS,0.12,1.0,23956,0.956002671564535,0.7599065817140831,0.6491379310344828,0.5378571428571428,0.58828125,0.043997328435465
CAS,0.13,1.0,23956,0.956002671564535,0.7599065817140831,0.6491379310344828,0.5378571428571428,0.58828125,0.043997328435465
CAS,0.14,1.0,23956,0.956002671564535,0.7599065817140831,0.6491379310344828,0.5378571428571428,0.58828125,0.043997328435465
CAS,0.15,1.0,23956,0.956002671564535,0.7599065817140831,0.6491379310344828,0.5378571428571428,0.58828125,0.043997328435465
CAS,0.16,1.0,23956,0.956002671564535,0.7599065817140831,0.6491379310344828,0.5378571428571428,0.58828125,0.043997328435465
CAS,0.17,1.0,23956,0.956002671564535,0.7599065817140831,0.6491379310344828,0.5378571428571428,0.58828125,0.043997328435465
CAS,0.18,1.0,23956,0.956002671564535,0.7599065817140831,0.6491379310344828,0.5378571428571428,0.58828125,0.043997328435465
CAS,0.19,1.0,23956,0.956002671564535,0.7599065817140831,0.6491379310344828,0.5378571428571428,0.58828125,0.043997328435465
CAS,0.2,1.0,23956,0.956002671564535,0.7599065817140831,0.6491379310344828,0.5378571428571428,0.58828125,0.043997328435465
CAS,0.21,1.0,23956,0.956002671564535,0.7599065817140831,0.6491379310344828,0.5378571428571428,0.58828125,0.043997328435465
CAS,0.22,1.0,23956,0.956002671564535,0.7599065817140831,0.6491379310344828,0.5378571428571428,0.58828125,0.043997328435465
CAS,0.23,1.0,23956,0.956002671564535,0.7599065817140831,0.6491379310344828,0.5378571428571428,0.58828125,0.043997328435465
CAS,0.24,1.0,23956,0.956002671564535,0.7599065817140831,0.6491379310344828,0.5378571428571428,0.58828125,0.043997328435465
CAS,0.25,1.0,23956,0.956002671564535,0.7599065817140831,0.6491379310344828,0.5378571428571428,0.58828125,0.043997328435465
CAS,0.26,1.0,23956,0.956002671564535,0.7599065817140831,0.6491379310344828,0.5378571428571428,0.58828125,0.043997328435465
CAS,0.27,1.0,23956,0.956002671564535,0.7599065817140831,0.6491379310344828,0.5378571428571428,0.58828125,0.043997328435465
CAS,0.28,1.0,23956,0.956002671564535,0.7599065817140831,0.6491379310344828,0.5378571428571428,0.58828125,0.043997328435465
CAS,0.29,1.0,23956,0.956002671564535,0.7599065817140831,0.6491379310344828,0.5378571428571428,0.58828125,0.043997328435465
CAS,0.3,1.0,23956,0.956002671564535,0.7599065817140831,0.6491379310344828,0.5378571428571428,0.58828125,0.043997328435465
CAS,0.31,1.0,23956,0.956002671564535,0.7599065817140831,0.6491379310344828,0.5378571428571428,0.58828125,0.043997328435465
CAS,0.32,1.0,23956,0.956002671564535,0.7599065817140831,0.6491379310344828,0.5378571428571428,0.58828125,0.043997328435465
CAS,0.33,1.0,23956,0.956002671564535,0.7599065817140831,0.6491379310344828,0.5378571428571428,0.58828125,0.043997328435465
CAS,0.34,1.0,23956,0.956002671564535,0.7599065817140831,0.6491379310344828,0.5378571428571428,0.58828125,0.043997328435465
CAS,0.35000000000000003,1.0,23956,0.956002671564535,0.7599065817140831,0.6491379310344828,0.5378571428571428,0.58828125,0.043997328435465
CAS,0.36,1.0,23956,0.956002671564535,0.7599065817140831,0.6491379310344828,0.5378571428571428,0.58828125,0.043997328435465
CAS,0.37,1.0,23956,0.956002671564535,0.7599065817140831,0.6491379310344828,0.5378571428571428,0.58828125,0.043997328435465
CAS,0.38,1.0,23956,0.956002671564535,0.7599065817140831,0.6491379310344828,0.5378571428571428,0.58828125,0.043997328435465
CAS,0.39,1.0,23956,0.956002671564535,0.7599065817140831,0.6491379310344828,0.5378571428571428,0.58828125,0.043997328435465
CAS,0.4,1.0,23956,0.956002671564535,0.7599065817140831,0.6491379310344828,0.5378571428571428,0.58828125,0.043997328435465
CAS,0.41000000000000003,1.0,23956,0.956002671564535,0.7599065817140831,0.6491379310344828,0.5378571428571428,0.58828125,0.043997328435465
CAS,0.42,1.0,23956,0.956002671564535,0.7599065817140831,0.6491379310344828,0.5378571428571428,0.58828125,0.043997328435465
CAS,0.43,1.0,23956,0.956002671564535,0.7599065817140831,0.6491379310344828,0.5378571428571428,0.58828125,0.043997328435465
CAS,0.44,1.0,23956,0.956002671564535,0.7599065817140831,0.6491379310344828,0.5378571428571428,0.58828125,0.043997328435465
CAS,0.45,0.9999165136082818,23954,0.9560407447607915,0.7597631807499705,0.6493955094991365,0.5375268048606148,0.5881892843175597,0.04395925523920852
CAS,0.46,0.9998747704124228,23953,0.9560806579551622,0.7597849507144254,0.6499567847882455,0.5375268048606148,0.5884194053208138,0.04391934204483783
CAS,0.47000000000000003,0.9994990816496911,23944,0.956105913798864,0.7584768212574945,0.6480836236933798,0.5348670021567218,0.5860575029539189,0.043894086201135996
CAS,0.48,0.9987059609283687,23925,0.9564890282131662,0.7571801033984706,0.6510186005314438,0.5318379160636758,0.5854241338112306,0.04351097178683383
CAS,0.49,0.9975371514443145,23897,0.956940201698958,0.7548728168992591,0.6533575317604355,0.5267008046817849,0.583232077764277,0.04305979830104201
CAS,0.5,0.996117882785106,23863,0.9572979088966181,0.7510409034222952,0.6520112254443405,0.5186011904761905,0.5777041027766266,0.042702091103381856
CAS,0.51,0.9941559525797296,23816,0.958011420893517,0.7465211901934525,0.6549364613880743,0.5087319665907365,0.5726495726495726,0.041988579106483015
CAS,0.52,0.9915678744364669,23754,0.9589121832112486,0.7409035003563786,0.6587383660806618,0.49649259547934527,0.5662222222222222,0.0410878167887514
CAS,0.53,0.9892719986642178,23699,0.9597451369256087,0.7360784750674159,0.661588683351469,0.4860111910471623,0.56036866359447,0.0402548630743913
CAS,0.54,0.9867256637168141,23638,0.9605719604027414,0.7303739696992334,0.6647465437788018,0.47372742200328405,0.5532118887823586,0.0394280395972586
CAS,0.55,0.9829687760894974,23548,0.9623322575165619,0.723176504644411,0.6836086404066074,0.4574829931972789,0.5481406011207336,0.03766774248343807
CAS,0.56,0.9792118884621807,23458,0.963423991815159,0.7124666553422361,0.6816269284712483,0.4350940017905103,0.5311475409836065,0.03657600818484097
CAS,0.5700000000000001,0.9753715144431457,23366,0.9647350851664812,0.7020432376159095,0.6912225705329154,0.41292134831460675,0.5169988276670574,0.03526491483351879
CAS,0.58,0.9720320587744198,23286,0.9664175899682212,0.6959215641830786,0.7207678883071553,0.39903381642512076,0.513681592039801,0.03358241003177875
CAS,0.59,0.9687760894974119,23208,0.9677697345742847,0.6871181556195965,0.7480314960629921,0.38,0.5039787798408488,0.032230265425715277
CAS,0.6,0.9646852563032225,23110,0.9691475551709217,0.6768067992560038,0.7777777777777778,0.35803757828810023,0.49035025017869904,0.03085244482907834
CAS,0.61,0.9607613958924696,23016,0.9699774070212026,0.6659647082151179,0.7963917525773195,0.3355048859934853,0.4721161191749427,0.03002259297879739
CAS,0.62,0.9567123058941392,22919,0.9711593001439853,0.6577069987501495,0.8211143695014663,0.3181818181818182,0.45864045864045866,0.028840699856014673
CAS,0.63,0.9523292703289363,22814,0.9722100464626984,0.6457420631290791,0.8384879725085911,0.29362214199759323,0.43493761140819964,0.027789953537301626
CAS,0.64,0.9479462347637335,22709,0.9731824386806993,0.6391078327959534,0.8538461538461538,0.27994955863808324,0.42165242165242167,0.026817561319300687
CAS,0.65,0.9428953080647854,22588,0.9744111917832478,0.633378215208187,0.8982300884955752,0.2678100263852243,0.41260162601626016,0.025588808216752246
CAS,0.66,0.9392219068291868,22500,0.9754222222222222,0.6326455909463886,0.9150943396226415,0.2661179698216735,0.412327311370882,0.02457777777777781
CAS,0.67,0.9346301552846886,22390,0.9765520321572131,0.6336314551150333,0.9303482587064676,0.2679083094555874,0.41601779755283647,0.02344796784278691
CAS,0.68,0.9310402404408081,22304,0.9774479913916786,0.6322077143549839,0.9365079365079365,0.26497005988023953,0.4130688448074679,0.022552008608321406
CAS,0.6900000000000001,0.9291617966271498,22259,0.9779864324542882,0.6313133286198475,0.9555555555555556,0.26299694189602446,0.41247002398081534,0.02201356754571182
CAS,0.7000000000000001,0.9271998664217732,22212,0.9783000180082838,0.6287440026423141,0.9593023255813954,0.2578125,0.4064039408866995,0.02169998199171619
CAS,0.71,0.9255301385874103,22172,0.9786216850081183,0.6246839745672251,0.968944099378882,0.2496,0.3969465648854962,0.021378314991881697
CAS,0.72,0.9244865586909333,22147,0.9787781640854292,0.6224488234119696,0.967948717948718,0.24512987012987014,0.3911917098445596,0.02122183591457083
CAS,0.73,0.9228585740524294,22108,0.9789216573186177,0.6180888079041825,0.9727891156462585,0.23636363636363636,0.3803191489361702,0.02107834268138231
CAS,0.74,0.9208966438470529,22061,0.9789674085490232,0.6127014465394305,0.9710144927536232,0.2255892255892256,0.366120218579235,0.0210325914509768
CAS,0.75,0.9175154449824678,21980,0.9790718835304822,0.6047592414643115,0.968,0.2097053726169844,0.34472934472934474,0.020928116469517755
CAS,0.76,0.9115879111704792,21838,0.9797142595475776,0.6028176111680644,0.9743589743589743,0.20577617328519857,0.33979135618479883,0.020285740452422374
CAS,0.77,0.8989397228251795,21535,0.9805897376364059,0.5970160180318328,0.970873786407767,0.1941747572815534,0.32362459546925565,0.01941026236359411
CAS,0.78,0.8746034396393388,20952,0.981815578465063,0.5948583187243424,0.9888888888888889,0.18976545842217485,0.3184257602862254,0.018184421534937045
CAS,0.79,0.8228001335782268,19711,0.9837654101770585,0.5959595959595959,1.0,0.1919191919191919,0.3220338983050847,0.01623458982294146
CAS,0.8,0.7042077141425948,16870,0.9848251333728513,0.5897435897435898,1.0,0.1794871794871795,0.30434782608695654,0.015174866627148731
CAS,0.81,0.5054683586575388,12109,0.9842266083078702,0.5918803418803419,1.0,0.18376068376068377,0.3104693140794224,0.015773391692129768
CAS,0.8200000000000001,0.32096343296042745,7689,0.9851736246586033,0.6041666666666666,1.0,0.20833333333333334,0.3448275862068966,0.014826375341396747
CAS,0.8300000000000001,0.17790950075137751,4262,0.9828718911309244,0.6197916666666666,1.0,0.23958333333333334,0.3865546218487395,0.017128108869075565
CAS,0.84,0.08311070295541827,1991,0.9819186338523355,0.6470588235294118,1.0,0.29411764705882354,0.45454545454545453,0.018081366147664535
CAS,0.85,0.0375271330773084,899,0.9799777530589544,0.6785714285714286,1.0,0.35714285714285715,0.5263157894736842,0.020022246941045596
CAS,0.86,0.01310736349974954,314,0.9808917197452229,0.625,1.0,0.25,0.4,0.019108280254777066
CAS,0.87,0.005635331440975121,135,1.0,,0.0,0.0,0.0,0.0
CAS,0.88,0.0020036734012355987,48,1.0,,0.0,0.0,0.0,0.0
