metric,full,raw_only,difference_full_minus_raw,bootstrap_lower_95,bootstrap_upper_95
accuracy,0.9577976289864752,0.951035231257305,0.0067623977291702,0.004464778116067445,0.009293953877265693
balanced_accuracy,0.7608597649025917,0.7415248397638893,0.019334925138702386,0.001045885376563291,0.04291922262091038
precision,0.6741271262309758,0.5957805907172996,0.07834653551367621,0.04535310087302454,0.10812789972400498
recall,0.5378571428571428,0.5042857142857143,0.033571428571428474,-0.0061023558849912785,0.08155967152577827
specificity,0.9838623869480404,0.9787639652420642,0.005098421705976186,0.0019104753468868086,0.00866343867685223
f1,0.5983313468414779,0.5462282398452611,0.052103106996216786,0.030406968069171782,0.08660658185886004
roc_auc,0.9342836717503105,0.9097088041192715,0.024574867631039,0.01464130343334238,0.03396934941242239
average_precision,0.6451649863306549,0.5843080279238647,0.060856958406790174,0.041323040233422585,0.08708520361194735
brier,0.032396318500851375,0.03573525433798185,-0.0033389358371304773,-0.005637368350929554,-0.0014865997273711639
