accuracy,balanced_accuracy,precision,recall,specificity,f1,roc_auc,average_precision,brier,ece,threshold,tn,fp,fn,tp,variant,seed,conformal_q,conformal_coverage,singleton_rate,empty_rate,doubleton_rate
0.956002671564535,0.7599065817140831,0.6491379310344828,0.5378571428571428,0.9819560205710233,0.58828125,0.9278093095280319,0.6188143078018623,0.03358970209428873,0.00751026419783781,0.3268937491367957,22149,407,647,753,full,271828,0.1858497200824941,0.9073718483887127,0.9272833528134914,0.0727166471865086,0.0
0.9550425780597762,0.7630814734122058,0.6340248962655601,0.5457142857142857,0.980448661110126,0.5865642994241843,0.9280226357256859,0.6276124452736556,0.03313144161159935,0.005246238731589201,0.3049968390956429,22115,441,636,764,full,314159,0.1782146281232676,0.9108365336450158,0.9312072132242445,0.06879278677575555,0.0
0.959342127233261,0.7352168570921895,0.7310195227765727,0.48142857142857143,0.9890051427558078,0.5805340223944875,0.9315567444835711,0.6421876345777527,0.032545173420052274,0.006204280337429795,0.411764088159447,22308,248,726,674,full,161803,0.19091061192112926,0.9087076306562031,0.9278260143596594,0.07217398564034062,0.0
0.9585490065119385,0.7093375218503788,0.7579214195183777,0.42714285714285716,0.9915321865579003,0.546368204659662,0.9282677083069439,0.6193543138236872,0.03422320816791417,0.010619409784086294,0.4028009324731087,22365,191,802,598,full,141421,0.21784544509450054,0.9090833194189347,0.9302471197194857,0.06975288028051428,0.0
0.9570462514610119,0.7638105160489448,0.6606060606060606,0.545,0.9826210320978896,0.5972602739726027,0.9325259671167634,0.6420400337376152,0.032557036822088284,0.00661606796800975,0.34144561015736935,22164,392,637,763,full,173205,0.19643816140470072,0.9088328602437803,0.9284939054934046,0.07150609450659542,0.0
0.950492569711137,0.7211381197274086,0.5992578849721707,0.4614285714285714,0.9808476680262458,0.5213882163034705,0.9006658032072556,0.5466644043414569,0.037637803132211156,0.009736020764094572,0.26732162224770184,22124,432,754,646,raw_only,271828,0.18878691212663973,0.9091250626147938,0.934296209717816,0.06570379028218401,0.0
0.9394723660043413,0.7266751957033922,0.48226950354609927,0.4857142857142857,0.9676361056924987,0.48398576512455516,0.8819801826564995,0.4758801892289422,0.04020661737820964,0.009946659641281698,0.20308942979952235,21826,730,720,680,raw_only,314159,0.191241400811543,0.9105443312740024,0.9400150275505093,0.059984972449490734,0.0
0.951035231257305,0.7294657107389861,0.6019766397124887,0.4785714285714286,0.9803599929065437,0.5332272184639872,0.904295277784815,0.5619447581564643,0.03689917694951989,0.008562712065986418,0.2636805402667412,22113,443,730,670,raw_only,161803,0.176504872022646,0.9071213892135582,0.9310402404408081,0.06895975955919185,0.0
0.9558774419769578,0.6928449193119348,0.7247706422018348,0.395,0.9906898386238695,0.511326860841424,0.9113732488029793,0.587770361447907,0.03545003225650967,0.008915872295129551,0.41303184783140945,22346,210,847,553,raw_only,141421,0.19696235547775284,0.9062030389046586,0.9277007847720822,0.07229921522791785,0.0
0.9541659709467357,0.7019853444126365,0.6747685185185185,0.4164285714285714,0.9875421173967015,0.515017667844523,0.9065499676994402,0.574546113927305,0.03607034062086944,0.006583919484349126,0.3555372098441865,22275,281,817,583,raw_only,173205,0.18599201264890836,0.906495241275672,0.9297879445650359,0.0702120554349641,0.0
